crmmba.com,1,cr m mba,-1,-1,-1
shoptipiko.com,1,shop tipi ko,3475,-1,-1
hjpropach.com,1,hj prop ach,-1,-1,-1
breedthathole.com,1,breed that hole,-1,903,1217
libbymille.com,-1,libby mille,-1,-1
hastyangler.com,1,hasty angler,-1,-1
coinbhakt.com,1,coin bha kt,4421,-1,-1
gmailnetwork.com,1,gmail network,-1,885
lngraphx.com,1,ln graph x,-1,-1,-1
dglpool.com,1,d gl pool,-1,-1,1574
vintageskv.com,-1,vintages kv,-1,-1
puritysystemsinc.com,-1,purity systems inc,-1,-1,-1
benaturalhealing.com,1,be natural healing,2,716,-1
sonomavisitorscenter.com,1,sonoma visitors center,-1,-1,531
heinekeninternational.com,-1,heineken international,-1,501
kaisermc.com,1,kaiser mc,-1,-1
pictures-curacao.com,1,pictures cura cao,-1,-1,-1
diablos.com,-1,diablo s,-1,-1
rcequity.com,1,rc equity,-1,3900
certorize.com,1,cer to rize,-1,9,-1
maketheloop.com,1,make the loop,45,1,4294
4myk9.com,1,4 myk 9,-1,-1,-1
southernillinoisrealty.com,1,southern illinois realty,1108,-1,-1
gdpcomcorp.com,1,gdp corp,-1,-1
christinabassani.com,1,christina bass ani,-1,-1,-1
productregistrar.com,1,product registrar,570,-1
winecountryhaven.com,1,wine country haven,1456,166,-1
cliftonstrengthscoach.com,1,clifton strengths coach,-1,-1,2347
ly9283.com,1,ly 9283,-1,-1
ratethisboat.com,1,rate this boat,3117,4665,1237
bestamericanweed.com,1,best american weed,970,-1,4598
magicmendil.com,1,magic men dil,3877,-1,-1
bdeip.com,-1,b de ip,-1,-1,-1
wfmakeup.com,1,w f makeup,-1,-1,3395
piperlakes.com,1,piper lakes,-1,-1
deadgoose.com,-1,dead goose,727,-1
ebllcpro.com,1,eb llc pro,-1,-1,4431
izamil.com,-1,iz amil,-1,-1
shgia.com,1,sh gia,-1,-1
pamela-mcintyre.com,1,pamela mcintyre,-1,-1
ccdora.com,1,ccd or a,-1,32,5
brattitudekids.com,1,br attitude kids,-1,1157,-1
eventspacecolumbus.com,1,event space columbus,526,522,-1
northeastpackages.com,-1,northeast packages,4162,-1
coachfoley.com,1,coach foley,2347,-1
improvedeyes.com,1,improved eyes,4168,-1
5irpg.com,-1,5 i rpg,-1,-1,-1
huayi-law.com,1,hua yi law,-1,-1,288
andrescoll.com,1,andres coll,-1,-1
thoughtfulgroup.com,1,thoughtful group,-1,163
sebastianpeterson.com,1,sebastian peterson,-1,-1
ibargainhunters.com,1,i bargain hunters,-1,-1,-1
ks-soundworks.com,1,ks sound works,-1,883,1646
jobwonder.com,1,job wonder,244,2657
fast2exit.com,1,fast 2 exit,2585,-1,3835
independentinspirations.com,1,independent inspirations,1271,-1
ventureonecapital.com,-1,venture one capital,3322,839,1064
sueanything.com,1,sue anything,3163,332
adventure-hikes.com,1,adventure hikes,2885,-1
sociallymagazine.com,1,socially magazine,4628,1004
ford100.com,-1,ford 100,-1,-1
cakesconference.com,1,cakes conference,-1,968
hownam.com,1,how nam,76,-1
couplesway.com,1,couples way,-1,4090
jcclzp.com,1,j ccl zp,-1,-1,-1
covertkids.com,1,covert kids,-1,-1
select-door.com,1,select door,1746,344
futureforwardcoaches.com,1,future forward coaches,1264,818,-1
shanglv888.com,1,shang lv 888,-1,-1,-1
blacktopgreenbay.com,1,blacktop green bay,-1,2144,3561
erikahaveman.com,1,erika have man,-1,8,94
greatbritishbreaks.com,-1,great british breaks,160,-1,-1
powellhouses.com,-1,powell houses,-1,-1
healthcarenps.com,1,healthcare nps,-1,-1
go-ba.com,-1,go ba,35,-1
arecp.com,-1,are cp,-1,-1
croatiahalalfriendly.com,1,croatia halal friendly,-1,-1,2784
ensocompany.com,1,enso company,-1,189
callingallchampions.com,-1,calling all champions,-1,222,-1
textideum.com,1,text i deum,1296,-1,-1
whatafeed.com,1,what a feed,34,5,1324
evilanlar.com,1,evil an lar,3892,-1,-1
sophiewix.com,1,sophie wi x,-1,-1,-1
agridatacenter.com,1,agri datacenter,-1,-1
ellawrap.com,1,ella wrap,-1,2107
annevrbo.com,1,anne vr bo,-1,-1,-1
nanisnice.com,1,nan is nice,-1,-1,900
leadzie.com,1,lead zi e,1577,-1,-1
yahooteen.com,-1,yahoo teen,-1,2643
clubpalladium.com,-1,club palladium,1263,-1
universityboundconsulting.com,1,university bound consulting,1229,-1,-1
activeros.com,1,active ros,1451,-1
lvescortads.com,1,lv escort ads,-1,-1,-1
mtc-online.com,-1,mtc online,-1,3522
ebike-sales.com,1,e bike sales,-1,2182,1254
longanreal.com,-1,long an real,1845,-1,306
baseballcouch.com,-1,baseball couch,1380,3404
kristenkuester.com,1,kristen ku ester,-1,-1,-1
doctormoreland.com,1,doctor moreland,571,-1
saratogapetcompany.com,1,saratoga pet company,-1,3306,189
ladybrave.com,1,lady brave,1526,4909
netfindersearch.com,1,net finder search,3492,-1,1733
sap2010calculator.com,-1,sap 2010 calculator,-1,-1,-1
viajar-mexico.com,1,via jar mexico,2599,4304,-1
nutrajungle.com,1,nut ra jungle,3216,-1,4557
utahwithkids.com,1,utah with kids,-1,16,-1
tomanddee.com,-1,tom and dee,-1,3,-1
zhongshanlong.com,1,zhong shan long,-1,-1,1845
shinhoster.com,1,shin host er,-1,3229,-1
myhb6768.com,1,my hb 6768,44,-1,-1
vitaminwoman.com,1,vitamin woman,3751,111
iqbspace.com,1,i qb space,-1,-1,522
shellywindover.com,1,shelly wind over,-1,2686,182
group-vd.com,1,group vd,163,-1
allo-pic.com,1,all o pic,222,-1,-1
parisfootwear.com,1,paris footwear,-1,-1
tuturibbon.com,1,tutu ribbon,-1,4891
obisposol.com,1,obispo sol,-1,-1
southfloridaforum.com,1,south florida forum,637,-1,4759
percowear.com,1,per co wear,669,-1,519
mg1987.com,1,mg 1987,-1,-1
ailfn.com,1,ail fn,-1,-1
brandywilliamsphoto.com,1,brandy williams photo,-1,-1,1484
delraybeachpages.com,1,delray beach pages,-1,1951,-1
challenger-wheels.com,1,challenger wheels,-1,-1
ultimateleadform.com,1,ultimate lead form,2625,1577,889
homesbyventura.com,1,homes by ventura,-1,1190,-1
twoos.com,-1,two os,80,-1
3zkt.com,1,3 z kt,-1,-1,-1
icarestructure.com,1,i care structure,-1,910,953
bestsourcedeals.com,-1,best source deals,970,597,-1
ilalley.com,1,il alley,-1,4386
empireacres.com,1,empire acres,4260,-1
artalexandros.com,1,art alexandros,347,-1
folicacid-drinks.com,1,folic acid drinks,-1,3265,-1
ga-ys.com,1,ga ys,-1,-1
regalcinames.com,-1,regal ci names,-1,-1,-1
lbonphotographer.com,1,lb on photographer,-1,155,3125
magnificento.com,1,magnificent o,-1,-1
loudcryrecords.com,1,loud cry records,3867,3472,-1
hagerstowndaynursery.com,1,hagerstown day nursery,-1,90,-1
933mnl.com,1,933 m nl,-1,-1,-1
homemarketasia.com,1,home market asia,407,2795,-1
latebloomersociety.com,1,late bloomer society,1814,-1,508
mitco-lb.com,-1,mit co lb,-1,-1,-1
thebitpub.com,1,the bit pub,1,1228,-1
nordstay.com,1,nord stay,-1,4427
originofpie.com,1,origin of pie,2571,4,3352
silkboxers.com,1,silk boxers,4009,-1
dfsds.com,-1,df sds,-1,-1
fox1investments.com,1,fox 1 investments,-1,-1,-1
viceroydubaitowers.com,1,viceroy dubai towers,-1,-1,-1
utsuwamochi.com,1,ut suwa mochi,-1,-1,-1
justwomensfitness.com,1,just womens fitness,1823,-1,3386
bitcoinplusbank.com,1,bitcoin plus bank,-1,2082,662
wanderfulnomad.com,1,wander ful nomad,3211,-1,-1
bmw-me2017.com,1,bmw me 2017,-1,61,-1
choco-denpo.com,1,choco den po,-1,-1,-1
hotspottvnetwork.com,1,hotspot tv network,-1,-1,885
thaiukulele.com,1,thai ukulele,-1,-1
handcraftedaromas.com,1,handcrafted aromas,-1,-1
projectpetwork.com,1,project pet work,3633,3306,199
24bones.com,-1,24 bones,-1,-1
fanya50.com,1,fany a 50,-1,5,-1
reportnoise.com,1,report noise,477,2030
kisole.com,1,ki sole,-1,4587
bz1717.com,1,bz 1717,-1,-1
emtsol.com,1,emt sol,-1,-1
bellavita-food.com,1,bella vita food,-1,-1,367
redwoodtoys.com,-1,redwood toys,-1,-1
inikedisney.com,1,in ike disney,3038,-1,-1
colomboxnews.com,1,colombo x news,-1,-1,575
chriswebspace.com,1,chris web space,-1,4269,522
workwithjim.com,1,work with jim,199,16,-1
pdgcapital.com,1,pd g capital,-1,-1,1064
amreeweaver.com,1,am ree weaver,-1,-1,-1
feelthenoise.com,-1,feel the noise,3972,1,2030
401k2.com,1,401 k 2,-1,-1,-1
springcrush.com,1,spring crush,4089,4355
porchtown.com,1,porch town,3067,489
0592guolv.com,1,0592 guo lv,-1,-1,-1
hikingitalia.com,1,hiking italia,-1,-1
am180.com,1,am 180,-1,-1
zipspokanevalley.com,1,zip spokane valley,-1,-1,3182
lovinmindfulness.com,1,lovin mindfulness,-1,-1
penskerental.com,-1,penske rental,-1,4798
eecar.com,-1,ee car,-1,290
fluxstuff.com,-1,flux stuff,-1,3742
arrowcreek.com,-1,arrow creek,4887,-1
ued455.com,1,u ed 455,-1,-1,-1
wanderlustproject.com,-1,wanderlust project,-1,3633
myhealthycompass.com,1,my healthy compass,44,1476,-1
emoryrugbyfc.com,1,emory rugby fc,-1,-1,-1
thomasamorris.com,1,thomas a morris,-1,5,-1
cleanwateradvisers.com,1,clean water advisers,1914,227,-1
ultimatepills2.com,1,ultimate pills 2,2625,-1,-1
retailpayday.com,1,retail payday,3509,-1
9860.com,-1,9860,-1
gothrugary.com,1,go thru gary,35,-1,-1
stickyriceco.com,1,sticky rice co,-1,2763,-1
whattopos.com,1,what to pos,34,9,-1
experiencetruelife.com,1,experience true life,1185,493,114
namkeenmachine.com,-1,nam keen machine,-1,-1,1025
yrxhealth.com,1,yr x health,-1,-1,345
giantinflatablesaustralia.com,1,giant inflatables australia,3898,-1,-1
tellustokyo.com,1,tellus tokyo,-1,-1
tuneclash.com,-1,tune clash,3940,-1
beltroader.com,1,belt road er,2453,490,-1
abbamonte.com,-1,abba monte,-1,-1
foxyreaders.com,1,foxy readers,-1,-1
experimentalrobots.com,1,experimental robots,3489,-1
sheliuxiang.com,1,she liu xiang,31,-1,-1
phlipview.com,1,ph lip view,-1,1590,1431
rxpatterns.com,1,r x patterns,-1,-1,-1
mslawbr.com,1,ms law br,-1,288,-1
maverickoilfieldservices.com,-1,maverick oilfield services,-1,-1,-1
yourtrustedconsultant.com,1,your trusted consultant,69,-1,2502
energydefend.com,1,energy defend,616,1762
theoldbuyer.com,1,the old buyer,1,152,2976
bullbooks.com,-1,bull books,4250,-1
solderlesscopper.com,1,solder less copper,-1,620,-1
taleton.com,1,tale ton,2260,-1
shfeed.com,-1,sh feed,-1,1324
2talltavern.com,1,2 tall tavern,-1,1533,-1
impactresearchllc.com,1,impact research llc,922,3739,-1
theanxiousbutterfly.com,1,the anxious butterfly,1,3864,4978
sterlinginvestmentpartners.com,1,sterling investment partners,-1,1044,-1
petersenherniaclinic.com,1,petersen hernia clinic,-1,-1,2410
reusablearts.com,1,reusable arts,-1,-1
hollywoodstadium.com,-1,hollywood stadium,-1,4167
olsondeck.com,1,olson deck,-1,2812
northwindcondos.com,-1,north wind condos,579,2686,-1
lasertagriverside.com,1,laser tag riverside,3932,4490,-1
thesnughotel.com,1,the snug hotel,1,-1,1005
sxhaj.com,1,sx haj,-1,-1
crookedcirclefarm.com,1,crooked circle farm,-1,4793,1265
anaheimreia.com,1,anaheim rei a,-1,-1,5
musicadores.com,1,music adores,393,-1
mypillowprincess.com,1,my pillow princess,44,4057,-1
suavetube.com,1,suave tube,-1,2543
mo-rehouse.com,1,mo re house,-1,3654,2667
shyanime.com,1,shy anime,4455,-1
digamania.com,1,dig a mania,2484,5,-1
upyardmasters.com,1,up yard masters,456,1039,-1
realsine.com,1,real sine,306,-1
sewsmartstudios.com,1,sew smart studios,-1,1869,-1
fishashish.com,1,f is hashish,-1,-1,-1
aimcapecod.com,1,aim cape cod,3675,-1,-1
campjump.com,1,camp jump,1192,4318
a16918.com,1,a 16918,5,-1
gasa01.com,1,gas a 01,1026,5,-1
northernnvevents.com,1,northern nv events,1564,-1,-1
firstcity.com,-1,first city,2064,291
yx1408.com,1,y x 1408,-1,-1,-1
ecoperfection.com,-1,eco perfection,-1,-1
madeformarines.com,1,made for marines,-1,2339,-1
thestylistmama.com,1,the stylist mama,1,-1,-1
sznmusic.com,1,s zn music,-1,-1,393
168emall.com,1,168 em all,-1,-1,222
electronicfieldtrips.com,1,electronic field trips,2429,440,-1
milkcommunication.com,-1,milk communication,2050,1256
miraclelabelle.com,1,miracle labelle,3307,-1
mysgview.com,1,my sg view,44,-1,1431
theseafoodstory.com,1,the seafood story,1,-1,234
coovip.com,-1,coo vip,-1,-1
cassandramathews.com,1,cassandra mathews,-1,-1
knotikl.com,1,knot i kl,-1,-1,-1
notestraveling.com,1,notes traveling,-1,-1
kycbddirect.com,1,ky cbd direct,-1,-1,1569
medligift.com,1,med li gift,-1,-1,1389
eddyentertainment.com,1,eddy entertainment,-1,2372
coreluxurysuites.com,1,core luxury suites,1968,-1,-1
mediumbonniepage.com,1,medium bonnie page,3649,-1,709
u2110.com,1,u 2110,-1,-1
fika-f.com,1,f ika f,-1,-1,-1
georgiabrowndog.com,-1,georgia brown dog,-1,1782,754
tokenmit.com,1,token mit,-1,-1
artfinestexchange.com,1,art finest exchange,347,-1,4189
isanthai.com,-1,is an thai,-1,-1,-1
hyqhtz.com,1,hy qh tz,-1,-1,-1
studiogabriella.com,1,studio gabriella,1524,-1
warnactlawyers.com,-1,warn act lawyers,1786,1139,-1
movementhygiene.com,1,movement hygiene,708,-1
hopehousetampa.com,1,hope house tampa,1149,2667,-1
loughboroughdrivingschool.com,-1,loughborough driving school,-1,3750,125
worldours.com,1,world ours,123,4139
americankissing.com,1,american kissing,-1,-1
viewhemisphere.com,1,view hemisphere,1431,-1
cornholegolf.com,1,corn hole golf,2470,1217,1815
westerncommercialbanking.com,1,western commercial banking,1083,1030,3991
sofiaflorist.com,1,sofia florist,-1,-1
iymyi.com,1,iy my i,-1,44,-1
ssfoot.com,-1,s s foot,-1,-1,381
mrcat2.com,1,mrc at 2,-1,22,-1
uerpower.com,1,u er power,-1,-1,272
garymfreedman.com,-1,gary m freedman,-1,-1,-1
saferproduct.com,1,safer product,-1,570
smilesquadkids.com,1,smile squad kids,1438,4661,-1
thewyndhamhouse.com,1,the wyndham house,1,-1,2667
biofuelsalgae.com,1,biofuels algae,-1,-1
fetcup.com,1,fet cup,-1,780
mrtexasusa.com,1,mr texas usa,-1,-1,-1
blerdplay.com,1,ble rd play,-1,-1,942
bangladeshtourismonline.com,1,bangladesh tourism online,-1,4776,3522
evoapartment.com,1,evo apartment,-1,1280
poolspabuild.com,1,pool spa build,1574,-1,409
gosimcha.com,1,go sim cha,35,-1,-1
collectpixels.com,-1,collect pixels,1325,-1
qlispe.com,1,ql is pe,-1,-1,-1
fitforforties.com,1,fit for forties,3428,2339,-1
callandar.com,1,call andar,645,-1
wholisticreinvention.com,1,w holistic reinvention,-1,-1,-1
allartlessons.com,1,all art lessons,222,347,-1
youroiljourney.com,1,your oil journey,69,547,2431
simanguatemala.com,1,sim an guatemala,-1,-1,-1
cavaliercadet.com,1,cavalier cadet,-1,-1
getfreshshoes.com,1,get fresh shoes,39,1109,-1
cqmxf.com,-1,c qm xf,-1,-1,-1
guokeblog.com,1,guo ke blog,-1,-1,-1
smartfinancialproducts.com,1,smart financial products,1869,830,-1
flatironss.com,1,flatirons s,-1,-1
haizhong168.com,1,hai zhong 168,-1,-1,-1
nodcms.com,1,nod cms,1565,-1
rightmama.com,1,right mama,318,-1
cheftalya.com,1,chef tal ya,3193,-1,-1
memoridiamond.com,1,me mori diamond,61,-1,4085
seknight.com,-1,se knight,-1,-1
mavenade.com,-1,maven a de,-1,5,-1
coprox-europe.com,1,cop rox europe,2220,-1,-1
plasticdumplings.com,1,plastic dumplings,1532,-1
countrysideboardingkennel.com,-1,countryside boarding kennel,-1,-1,-1
cipherscript.com,-1,cipher script,-1,3315
v9city.com,1,v 9 city,-1,-1,291
bravelyonwardfilms.com,1,bravely onward films,-1,-1,-1
malariavaccineproject.com,1,malaria vaccine project,-1,4212,3633
chngothe.com,1,ch ngo the,-1,-1,1
dailymailfit.com,1,daily mail fit,3528,2531,3428
mycom19-20.com,1,my 19 20,44,-1,-1
jenneedle.com,1,jen needle,-1,3841
xxgxrc.com,1,xx gx rc,-1,-1,-1
andlove-shop.com,1,and love shop,3,580,3475
grannysmooth.com,1,granny smooth,-1,2444
smillers.com,-1,s millers,-1,-1
cangjunpipe.com,1,cang jun pipe,-1,-1,3005
sgmmed.com,1,s gm med,-1,-1,-1
theslowdrip.com,1,the slow drip,1,2192,-1
artinparis.com,-1,art in paris,347,3038,-1
34767.com,-1,34767,-1
nelsonameer.com,1,nelson ameer,-1,-1
carpentryspecialist.com,-1,carpentry specialist,-1,2570
a5502.com,1,a 5502,5,-1
craigslistdallastx.com,-1,craigslist dallas tx,-1,-1,-1
ourgrandpad.com,1,our grandpa d,79,-1,-1
coolpoolsplus.com,1,cool pools plus,3381,-1,2082
elevateehookah.com,1,elevate e hookah,-1,-1,-1
anytimeclimb.com,1,anytime climb,-1,1575
bermudaislandgames.com,1,bermuda island games,-1,1521,-1
chosexo.com,1,chose xo,-1,-1
artistintuitive.com,1,artist intuitive,737,-1
jasonsincorporated.com,1,jason s incorporated,-1,-1,-1
jeff2017.com,1,jeff 2017,-1,-1
rocketoption.com,1,rocket option,4133,1106
elburnchevrolet.com,1,el burn chevrolet,-1,1429,-1
knightartworld.com,1,knight art world,-1,347,123
smallbooties.com,-1,small booties,203,-1
bluehomeconcepts.com,1,blue home concepts,3725,407,-1
boyallgraphics.com,-1,boy all graphics,383,222,-1
23abab.com,1,23 a bab,-1,5,-1
by9143.com,1,by 9143,1190,-1
djkingst.com,1,dj king st,-1,2359,-1
amandalaurenco.com,1,amanda lauren co,-1,-1,-1
spotyourdot.com,1,spot your dot,2911,69,4529
roguecleaningsolutions.com,1,rogue cleaning solutions,-1,-1,-1
cambare.com,-1,camb are,-1,-1
paperandsweat.com,1,paper and sweat,520,3,3734
prontohomevalue.com,1,pronto home value,-1,407,3998
jumboboksen.com,1,jumbo bok sen,-1,-1,-1
gorun365.com,1,go run 365,35,1257,-1
g639.com,-1,g 639,-1,-1
cybersquidz.com,1,cyber squid z,-1,-1,-1
tracydye.com,1,tracy dye,-1,-1
zaploapply.com,1,za plo apply,-1,-1,941
texaslifegroup.com,1,texas life group,-1,114,163
xlstyz.com,1,xl st yz,-1,-1,-1
found1ne.com,1,found 1 ne,2687,-1,-1
ogfinder.com,1,og finder,-1,-1
fremlt.com,1,fr em lt,-1,-1,-1
minimumviablewebsite.com,-1,minimum viable website,4430,-1,-1
danghana.com,1,dan ghana,-1,-1
sk-showgroom.com,1,sk show groom,-1,463,-1
indianaelectriccompanies.com,-1,indiana electric companies,-1,2719,-1
flamingohousing.com,1,flamingo housing,-1,2166
164xx.com,1,164 xx,-1,-1
united-dresscode.com,1,united dress code,-1,1757,1657
m7racing.com,1,m 7 racing,-1,-1,-1
ryanentertainment.com,-1,ryan entertainment,-1,2372
thesensetimes.com,1,the sense times,1,3209,-1
spralgarve.com,1,spr algarve,-1,-1
everygov.com,1,every gov,172,-1
thehillsbraces.com,1,the hills braces,1,-1,-1
ft9w.com,1,ft 9 w,-1,-1,-1
electdavidmarshall.com,1,elect david marshall,2285,-1,-1
arabicturkey.com,1,arabic turkey,-1,3775
redherringmysteries.com,1,red herring mysteries,598,-1,-1
davidduranoficial.com,1,david duran oficial,-1,-1,-1
aurumproperty.com,-1,aurum property,-1,996
flipgeniusacademy.com,1,flip genius academy,3959,4105,-1
netvest.com,1,net vest,3492,-1
imperialeq.com,1,imperial eq,-1,-1
linked-plan.com,1,linked plan,-1,692
fightexperiences.com,1,fight experiences,1573,-1
damyanti.com,-1,da my anti,-1,44,-1
wtfisux.com,1,wtf is ux,-1,-1,-1
cosmicjumpstudio.com,1,cosmic jump studio,-1,4318,1524
calival.com,-1,cali val,-1,-1
burningtrumpet.com,-1,burning trumpet,4080,-1
perfectsalesfunnel.com,1,perfect sales funnel,1163,1254,-1
txscavenger.com,1,tx scavenger,-1,-1
bolafashionworld.com,1,bola fashion world,-1,1936,123
tailormed-ltd.com,1,tailor med ltd,-1,-1,-1
freebetapp.com,1,free beta pp,2875,-1,-1
hndsp.com,1,hn dsp,-1,-1
bluemoonc.com,1,blue moon c,3725,2471,-1
jiequanjs.com,1,jie quan js,-1,-1,-1
qualitybyredesign.com,1,quality by redesign,765,1190,-1
blackhawks411.com,1,blackhawks 411,-1,-1
business-solutions-today.com,1,business solutions today,247,-1,215
therefinedrug.com,1,the refine drug,1,-1,462
atcroofingunlimited.com,1,atc roofing unlimited,-1,-1,-1
ptcontactcenter.com,1,pt contact center,-1,2270,531
westerndodgechrysler.com,1,western dodge chrysler,1083,-1,-1
angebeauty.com,1,ange beauty,-1,1737
tryabrace.com,1,try a brace,127,5,-1
karamalwadi.com,1,karam al wadi,-1,-1,-1
starbit1.com,1,star bit 1,4278,1228,-1
mybizproject.com,1,my biz project,44,-1,3633
ourspeakback.com,1,our speak back,79,336,1877
ilotusnet.com,1,i lotus net,-1,-1,3492
dif-bank.com,-1,d if bank,-1,40,662
rude360wave.com,1,rude 360 wave,-1,-1,2641
xn-team.com,1,xn team,-1,308
sunrely.com,1,sun rely,1239,1872
vortexxparts.com,1,vortex x parts,-1,-1,-1
ca905555.com,1,ca 905555,-1,-1
trendysalonaprons.com,1,trendy salon aprons,-1,-1,-1
scenemi.com,1,scene mi,739,-1
fingerstheclown.com,1,fingers the clown,-1,1,-1
diaper-turkey.com,1,diaper turkey,-1,3775
simplifynv.com,1,simplify nv,-1,-1
alquvia.com,1,al qu via,-1,-1,2599
lifeblogtoday.com,1,life blog today,114,-1,215
stonefeatherofficial.com,1,stone feather official,1225,4581,1846
newaleabet.com,1,new alea bet,88,-1,4468
ravenswoodsolutions.com,1,ravenswood solutions,-1,-1
blakeart.com,-1,blake art,-1,347
moneylaunderingnews.com,1,money laundering news,233,-1,575
vitamedicalcenter.com,-1,vita medical center,-1,647,531
jcowood.com,-1,j co wood,-1,-1,1242
teyouvip.com,1,te you vip,-1,14,-1
blueoakcanyon.com,-1,blue oak canyon,3725,4474,-1
288zp.com,-1,288 zp,-1,-1
cardiorex.com,1,car dior ex,290,-1,-1
brisawevents.com,1,bri saw events,-1,-1,-1
addhomewarranty.com,1,add home warranty,341,407,-1
kayasfstudio.com,1,kaya sf studio,-1,-1,1524
lowgmusic.com,1,low g music,4866,-1,393
grossepointegal.com,1,grosse pointe gal,-1,-1,-1
nolaguy.com,-1,nola guy,-1,365
fatimasings.com,-1,fatima sings,-1,-1
staywildvibes.com,1,stay wild vibes,4427,1299,-1
kateflannerylive.com,1,kate flannery live,-1,-1,2076
stepaheadchelsea.com,1,step ahead chelsea,1037,2672,-1
dogwoodlawn.com,-1,dog woodlawn,754,-1
apartmentmilijana.com,1,apartment mili jana,1280,-1,-1
cardsthemax.com,1,cards the max,-1,1,-1
sushibangbang.com,1,sushi bang bang,-1,-1,-1
win-007.com,1,win 007,3361,-1
vizrender.com,1,viz render,-1,3571
batallaenterprisesinc.com,1,batalla enterprises inc,-1,-1,-1
entirehouseauctions.com,1,entire house auctions,871,2667,-1
controlledplanets.com,1,controlled planets,-1,-1
hacernido.com,1,ha cern ido,4851,-1,-1
knitboxes.com,1,knit boxes,-1,-1
51vitafit.com,1,51 vita fit,-1,-1,3428
q8flats.com,-1,q 8 flats,-1,-1,-1
agilechance.com,-1,agile chance,-1,614
informgen.com,-1,in form gen,3038,889,-1
teamoharahomes.com,1,team ohara homes,308,-1,-1
yanxingshen.com,1,yan xing shen,-1,-1,-1
dpliga.com,1,dp liga,-1,-1
doseofvictoria.com,1,dose of victoria,3554,4,-1
gd10086.com,1,gd 10086,-1,-1
sinoupc.com,1,sino upc,-1,-1
armcommu.com,1,arm mu,4727,-1
usprorodeo.com,-1,us pro rodeo,113,4431,-1
josedanielmarin.com,1,jose daniel marin,-1,-1,-1
platin-support.com,-1,plat in support,-1,3038,583
baltiauto.com,1,balti auto,-1,3159
eromagroup.com,1,e roma group,-1,-1,163
madera18.com,1,made ra 18,-1,-1,-1
seven-sticker.com,1,seven sticker,736,-1
paytonjameswalker.com,1,payton james walker,-1,-1,-1
guayaquiltoken.com,1,guayaquil token,-1,-1
roguesushi.com,1,rogue sushi,-1,-1
mytruetest.com,1,my true test,44,493,1033
zjtnj.com,1,z jt nj,-1,-1,-1
lipiddrops.com,1,lipid drops,-1,-1
calisip.com,1,cali sip,-1,-1
syuuk.com,1,s yu uk,-1,-1,-1
amazonchains.com,1,amazon chains,-1,-1
pamelliott.com,-1,pam elliott,-1,-1
davidsonicehouse.com,1,davidson ice house,-1,1236,2667
4hu57.com,1,4 hu 57,-1,-1,-1
meetterrell.com,1,meet terrell,289,-1
168kaicai.com,1,168 kai cai,-1,-1,-1
t-levelbusiness.com,1,t level business,-1,4801,247
surimusicawards.com,1,suri music awards,-1,393,-1
cognitivefurniture.com,1,cognitive furniture,3370,2691
justswipekaro.com,1,just swipe karo,1823,-1,-1
cardsforcustomers.com,1,cards for customers,-1,2339,-1
theshabbywick.com,1,the shabby wick,1,-1,-1
moarl.com,1,moa rl,-1,-1
drymilano.com,1,dry milano,3210,-1
questclinicalresearch.com,1,quest clinical research,4108,2607,3739
co-prologistics.com,1,co pro logistics,-1,4431,-1
jaysmetalcreations.com,1,jays metal creations,-1,1583,-1
whatsuff.com,1,what su ff,34,-1,-1
summerjazzfest.com,1,summer jazz fest,619,3887,-1
stuartsfamily.com,1,stuarts family,-1,147
refugiopub.com,1,refugio pub,-1,-1
replaceinfopath.com,1,replace info path,1186,-1,1343
nvboysstate.com,1,nv boys state,-1,-1,846
thestylerambler.com,1,the style rambler,1,971,-1
fortuna21.com,1,fortuna 21,-1,-1
beatquest.com,-1,beat quest,2685,4108
rehabreviewed.com,1,rehab reviewed,-1,-1
gublogs.com,1,gu blogs,-1,-1
zwingz.com,1,z wing z,-1,1904,-1
gzbenshang.com,1,gz ben shang,-1,-1,-1
jameshiltonbooks.com,1,james hilton books,-1,-1,-1
kxjewels.com,1,k x jewels,-1,-1,-1
huanjiang369.com,1,huan jiang 369,-1,-1,-1
